title,nps_link,date_created,area,lat,long,activity_link,activity_str
Acadia,https://www.nps.gov/acad/index.htm,2/26/19,49076.63 acres (198.6 km2),44.35,-68.21,"['https://www.nps.gov/acad/planyourvisit/basicinfo.htm', 'https://www.nps.gov/acad/planyourvisit/maps.htm', 'https://www.nps.gov/acad/planyourvisit/calendar.htm', 'https://www.nps.gov/acad/planyourvisit/permits.htm', 'https://www.nps.gov/acad/planyourvisit/conditions.htm', 'https://www.nps.gov/acad/planyourvisit/guidedtours.htm', 'https://www.nps.gov/acad/planyourvisit/outdooractivities.htm', 'https://www.nps.gov/acad/planyourvisit/ranger_programs_descriptions.htm', 'https://www.nps.gov/acad/planyourvisit/justforkids.htm', 'https://www.nps.gov/acad/planyourvisit/accessibility.htm', 'https://www.nps.gov/acad/planyourvisit/schoodic.htm', 'https://www.nps.gov/acad/planyourvisit/isle-au-haut.htm', 'https://www.nps.gov/acad/planyourvisit/duckharbor.htm', 'https://www.nps.gov/acad/planyourvisit/fishing.htm', 'https://www.nps.gov/acad/planyourvisit/hiking.htm', 'https://www.nps.gov/acad/planyourvisit/private-campgrounds.htm', 'https://www.nps.gov/acad/planyourvisit/weddings.htm', 'https://www.nps.gov/acad/planyourvisit/winteractivities.htm', 'https://www.nps.gov/acad/planyourvisit/oversized-vehicles.htm']","['basicinfo', 'maps', 'calendar', 'permits', 'conditions', 'guidedtours', 'outdooractivities', 'ranger_programs_descriptions', 'justforkids', 'accessibility', 'schoodic', 'isle-au-haut', 'duckharbor', 'fishing', 'hiking', 'private-campgrounds', 'weddings', 'winteractivities', 'oversized-vehicles']"
American Samoa,https://www.nps.gov/npsa/index.htm,10/31/88,8256.67 acres (33.4 km2),-14.25,-170.68,"['https://www.nps.gov/npsa/planyourvisit/basicinfo.htm', 'https://www.nps.gov/npsa/planyourvisit/maps.htm', 'https://www.nps.gov/npsa/planyourvisit/calendar.htm', 'https://www.nps.gov/npsa/planyourvisit/permits.htm', 'https://www.nps.gov/npsa/planyourvisit/conditions.htm']","['basicinfo', 'maps', 'calendar', 'permits', 'conditions']"
Arches,https://www.nps.gov/arch/index.htm,11/12/71,76678.98 acres (310.3 km2),38.68,-109.57,"['https://www.nps.gov/arch/planyourvisit/basicinfo.htm', 'https://www.nps.gov/arch/planyourvisit/maps.htm', 'https://www.nps.gov/arch/planyourvisit/calendar.htm', 'https://www.nps.gov/arch/planyourvisit/permitsandreservations.htm', 'https://www.nps.gov/arch/planyourvisit/conditions.htm', 'https://www.nps.gov/arch/planyourvisit/driving.htm', 'https://www.nps.gov/arch/planyourvisit/backpacking.htm', 'https://www.nps.gov/arch/planyourvisit/biking.htm', 'https://www.nps.gov/arch/planyourvisit/camping.htm', 'https://www.nps.gov/arch/planyourvisit/canyoneer.htm', 'https://www.nps.gov/arch/planyourvisit/commercialtours.htm', 'https://www.nps.gov/arch/planyourvisit/hiking.htm', 'https://www.nps.gov/arch/planyourvisit/horsebackriding.htm', 'https://www.nps.gov/arch/planyourvisit/photography.htm', 'https://www.nps.gov/arch/planyourvisit/programs.htm', 'https://www.nps.gov/arch/planyourvisit/rockclimbing.htm', 'https://www.nps.gov/arch/planyourvisit/stargazing.htm', 'https://www.nps.gov/arch/planyourvisit/audio-brochure.htm']","['basicinfo', 'maps', 'calendar', 'permitsandreservations', 'conditions', 'driving', 'backpacking', 'biking', 'camping', 'canyoneer', 'commercialtours', 'hiking', 'horsebackriding', 'photography', 'programs', 'rockclimbing', 'stargazing', 'audio-brochure']"
Badlands,https://www.nps.gov/badl/index.htm,11/10/78,242755.94 acres (982.4 km2),43.75,-102.5,"['https://www.nps.gov/badl/planyourvisit/basicinfo.htm', 'https://www.nps.gov/badl/planyourvisit/maps.htm', 'https://www.nps.gov/badl/planyourvisit/calendar.htm', 'https://www.nps.gov/badl/planyourvisit/permits.htm', 'https://www.nps.gov/badl/planyourvisit/conditions.htm']","['basicinfo', 'maps', 'calendar', 'permits', 'conditions']"
Big Bend,https://www.nps.gov/bibe/index.htm,6/12/44,801163.21 acres (3242.2 km2),29.25,-103.25,"['https://www.nps.gov/bibe/planyourvisit/basicinfo.htm', 'https://www.nps.gov/bibe/planyourvisit/maps.htm', 'https://www.nps.gov/bibe/planyourvisit/calendar.htm', 'https://www.nps.gov/bibe/planyourvisit/permitsandreservations.htm', 'https://www.nps.gov/bibe/planyourvisit/conditions.htm', 'https://www.nps.gov/bibe/planyourvisit/day_hikes.htm', 'https://www.nps.gov/bibe/planyourvisit/scenic_drives.htm', 'https://www.nps.gov/bibe/planyourvisit/soakinthesprings.htm', 'https://www.nps.gov/bibe/planyourvisit/stargazing.htm', 'https://www.nps.gov/bibe/planyourvisit/river-trips.htm', 'https://www.nps.gov/bibe/planyourvisit/suggested-itineraries.htm', 'https://www.nps.gov/bibe/planyourvisit/ranger-led-programs.htm', 'https://www.nps.gov/bibe/planyourvisit/backcountry-main.htm']","['basicinfo', 'maps', 'calendar', 'permitsandreservations', 'conditions', 'day_hikes', 'scenic_drives', 'soakinthesprings', 'stargazing', 'river-trips', 'suggested-itineraries', 'ranger-led-programs', 'backcountry-main']"
Biscayne,https://www.nps.gov/bisc/index.htm,6/28/80,172971.11 acres (700.0 km2),25.65,-80.08,"['https://www.nps.gov/bisc/planyourvisit/basicinfo.htm', 'https://www.nps.gov/bisc/planyourvisit/maps.htm', 'https://www.nps.gov/bisc/planyourvisit/calendar.htm', 'https://www.nps.gov/bisc/planyourvisit/permitsandreservations.htm', 'https://www.nps.gov/bisc/planyourvisit/conditions.htm', 'https://www.nps.gov/bisc/planyourvisit/guidedtours.htm', 'https://www.nps.gov/bisc/planyourvisit/outdooractivities.htm', 'https://www.nps.gov/bisc/planyourvisit/indooractivities.htm', 'https://www.nps.gov/bisc/planyourvisit/justforkids.htm']","['basicinfo', 'maps', 'calendar', 'permitsandreservations', 'conditions', 'guidedtours', 'outdooractivities', 'indooractivities', 'justforkids']"
Black Canyon of the Gunnison,https://www.nps.gov/blca/index.htm,10/21/99,30779.83 acres (124.6 km2),38.57,-107.72,"['https://www.nps.gov/blca/planyourvisit/basicinfo.htm', 'https://www.nps.gov/blca/planyourvisit/maps.htm', 'https://www.nps.gov/blca/planyourvisit/calendar.htm', 'https://www.nps.gov/blca/planyourvisit/permits.htm', 'https://www.nps.gov/blca/planyourvisit/conditions.htm', 'https://www.nps.gov/blca/planyourvisit/hikingtrails.htm', 'https://www.nps.gov/blca/planyourvisit/innercanyon.htm', 'https://www.nps.gov/blca/planyourvisit/drives.htm', 'https://www.nps.gov/blca/planyourvisit/fishing.htm', 'https://www.nps.gov/blca/planyourvisit/wildlifewatching.htm', 'https://www.nps.gov/blca/planyourvisit/astronomy.htm']","['basicinfo', 'maps', 'calendar', 'permits', 'conditions', 'hikingtrails', 'innercanyon', 'drives', 'fishing', 'wildlifewatching', 'astronomy']"
Bryce Canyon,https://www.nps.gov/brca/index.htm,2/25/28,35835.08 acres (145.0 km2),37.57,-112.18,"['https://www.nps.gov/brca/planyourvisit/basicinfo.htm', 'https://www.nps.gov/brca/planyourvisit/maps.htm', 'https://www.nps.gov/brca/planyourvisit/calendar.htm', 'https://www.nps.gov/brca/planyourvisit/permitsandreservations.htm', 'https://www.nps.gov/brca/planyourvisit/conditions.htm', 'https://www.nps.gov/brca/planyourvisit/sunrise.htm', 'https://www.nps.gov/brca/planyourvisit/sunset.htm', 'https://www.nps.gov/brca/planyourvisit/inspiration.htm', 'https://www.nps.gov/brca/planyourvisit/brycepoint.htm', 'https://www.nps.gov/brca/planyourvisit/easy-hikes.htm', 'https://www.nps.gov/brca/planyourvisit/rimtrail.htm', 'https://www.nps.gov/brca/planyourvisit/hours.htm', 'https://www.nps.gov/brca/planyourvisit/ranger-programs.htm', 'https://www.nps.gov/brca/planyourvisit/moderatehikes.htm', 'https://www.nps.gov/brca/planyourvisit/strenuoushikes.htm', 'https://www.nps.gov/brca/planyourvisit/rainbowyovimpa.htm', 'https://www.nps.gov/brca/planyourvisit/horse.htm', 'https://www.nps.gov/brca/planyourvisit/backcountryinfo.htm', 'https://www.nps.gov/brca/planyourvisit/winter.htm']","['basicinfo', 'maps', 'calendar', 'permitsandreservations', 'conditions', 'sunrise', 'sunset', 'inspiration', 'brycepoint', 'easy-hikes', 'rimtrail', 'hours', 'ranger-programs', 'moderatehikes', 'strenuoushikes', 'rainbowyovimpa', 'horse', 'backcountryinfo', 'winter']"
Canyonlands,https://www.nps.gov/cany/index.htm,9/12/64,337597.83 acres (1366.2 km2),38.2,-109.93,"['https://www.nps.gov/cany/planyourvisit/basicinfo.htm', 'https://www.nps.gov/cany/planyourvisit/maps.htm', 'https://www.nps.gov/cany/planyourvisit/calendar.htm', 'https://www.nps.gov/cany/planyourvisit/permitsandreservations.htm', 'https://www.nps.gov/cany/planyourvisit/conditions.htm', 'https://www.nps.gov/cany/planyourvisit/driving.htm', 'https://www.nps.gov/cany/planyourvisit/backpacking.htm', 'https://www.nps.gov/cany/planyourvisit/biking.htm', 'https://www.nps.gov/cany/planyourvisit/boating.htm', 'https://www.nps.gov/cany/planyourvisit/camping.htm', 'https://www.nps.gov/cany/planyourvisit/climbing.htm', 'https://www.nps.gov/cany/planyourvisit/guidedtrips.htm', 'https://www.nps.gov/cany/planyourvisit/hiking.htm', 'https://www.nps.gov/cany/planyourvisit/horsebackriding.htm', 'https://www.nps.gov/cany/planyourvisit/programs.htm', 'https://www.nps.gov/cany/planyourvisit/stargazing.htm', 'https://www.nps.gov/cany/planyourvisit/placestogo.htm', 'https://www.nps.gov/cany/planyourvisit/publications.htm', 'https://www.nps.gov/cany/planyourvisit/bears.htm', 'https://www.nps.gov/cany/planyourvisit/stockuse.htm']","['basicinfo', 'maps', 'calendar', 'permitsandreservations', 'conditions', 'driving', 'backpacking', 'biking', 'boating', 'camping', 'climbing', 'guidedtrips', 'hiking', 'horsebackriding', 'programs', 'stargazing', 'placestogo', 'publications', 'bears', 'stockuse']"
Capitol Reef,https://www.nps.gov/care/index.htm,12/18/71,241904.50 acres (979.0 km2),38.2,-111.17,"['https://www.nps.gov/care/planyourvisit/basicinfo.htm', 'https://www.nps.gov/care/planyourvisit/maps.htm', 'https://www.nps.gov/care/planyourvisit/calendar.htm', 'https://www.nps.gov/care/planyourvisit/permitsandreservations.htm', 'https://www.nps.gov/care/planyourvisit/conditions.htm', 'https://www.nps.gov/care/planyourvisit/roads.htm', 'https://www.nps.gov/care/planyourvisit/campinga.htm', 'https://www.nps.gov/care/planyourvisit/hiking.htm', 'https://www.nps.gov/care/planyourvisit/outdooractivities.htm', 'https://www.nps.gov/care/planyourvisit/ranger-programs.htm', 'https://www.nps.gov/care/planyourvisit/justforkids.htm', 'https://www.nps.gov/care/planyourvisit/pets.htm', 'https://www.nps.gov/care/planyourvisit/fruita.htm', 'https://www.nps.gov/care/planyourvisit/waterpocketdistrict.htm', 'https://www.nps.gov/care/planyourvisit/cathedralvalley.htm', 'https://www.nps.gov/care/planyourvisit/brochures.htm', 'https://www.nps.gov/care/planyourvisit/leave-no-trace.htm']","['basicinfo', 'maps', 'calendar', 'permitsandreservations', 'conditions', 'roads', 'campinga', 'hiking', 'outdooractivities', 'ranger-programs', 'justforkids', 'pets', 'fruita', 'waterpocketdistrict', 'cathedralvalley', 'brochures', 'leave-no-trace']"
Carlsbad Caverns,https://www.nps.gov/cave/index.htm,5/14/30,46766.45 acres (189.3 km2),32.17,-104.44,"['https://www.nps.gov/cave/planyourvisit/basicinfo.htm', 'https://www.nps.gov/cave/planyourvisit/maps.htm', 'https://www.nps.gov/cave/planyourvisit/calendar.htm', 'https://www.nps.gov/cave/planyourvisit/permitsandreservations.htm', 'https://www.nps.gov/cave/planyourvisit/conditions.htm', 'https://www.nps.gov/cave/planyourvisit/selfguided_tours.htm', 'https://www.nps.gov/cave/planyourvisit/visitor-center.htm', 'https://www.nps.gov/cave/planyourvisit/tour_schedule.htm', 'https://www.nps.gov/cave/planyourvisit/bat_flight_program.htm', 'https://www.nps.gov/cave/planyourvisit/nightsky.htm', 'https://www.nps.gov/cave/planyourvisit/dawn-of-the-bats.htm']","['basicinfo', 'maps', 'calendar', 'permitsandreservations', 'conditions', 'selfguided_tours', 'visitor-center', 'tour_schedule', 'bat_flight_program', 'nightsky', 'dawn-of-the-bats']"
Channel Islands,https://www.nps.gov/chis/index.htm,3/5/80,249561.00 acres (1009.9 km2),34.01,-119.42,"['https://www.nps.gov/chis/planyourvisit/basicinfo.htm', 'https://www.nps.gov/chis/planyourvisit/maps.htm', 'https://www.nps.gov/chis/planyourvisit/calendar.htm', 'https://www.nps.gov/chis/planyourvisit/permitsandreservations.htm', 'https://www.nps.gov/chis/planyourvisit/conditions.htm', 'https://www.nps.gov/chis/planyourvisit/placestogo.htm', 'https://www.nps.gov/chis/planyourvisit/outdooractivities.htm', 'https://www.nps.gov/chis/planyourvisit/programs.htm', 'https://www.nps.gov/chis/planyourvisit/anacapa-things-to-do.htm', 'https://www.nps.gov/chis/planyourvisit/santa-cruz-things-to-do.htm', 'https://www.nps.gov/chis/planyourvisit/san-miguel-things-to-do.htm', 'https://www.nps.gov/chis/planyourvisit/things-to-do-santa-barbara-island.htm', 'https://www.nps.gov/chis/planyourvisit/things-to-do-santa-rosa-island.htm', 'https://www.nps.gov/chis/planyourvisit/visitorcenters.htm', 'https://www.nps.gov/chis/planyourvisit/channel-islands-live-nps.htm', 'https://www.nps.gov/chis/planyourvisit/anacapa.htm', 'https://www.nps.gov/chis/planyourvisit/kayaking.htm', 'https://www.nps.gov/chis/planyourvisit/santa-cruz-island.htm', 'https://www.nps.gov/chis/planyourvisit/camping.htm', 'https://www.nps.gov/chis/planyourvisit/santa-rosa-island.htm', 'https://www.nps.gov/chis/planyourvisit/san-miguel-island.htm', 'https://www.nps.gov/chis/planyourvisit/whale-watching.htm']","['basicinfo', 'maps', 'calendar', 'permitsandreservations', 'conditions', 'placestogo', 'outdooractivities', 'programs', 'anacapa-things-to-do', 'santa-cruz-things-to-do', 'san-miguel-things-to-do', 'things-to-do-santa-barbara-island', 'things-to-do-santa-rosa-island', 'visitorcenters', 'channel-islands-live-nps', 'anacapa', 'kayaking', 'santa-cruz-island', 'camping', 'santa-rosa-island', 'san-miguel-island', 'whale-watching']"
Congaree,https://www.nps.gov/cong/index.htm,11/10/03,26476.47 acres (107.1 km2),33.78,-80.78,"['https://www.nps.gov/cong/planyourvisit/basicinfo.htm', 'https://www.nps.gov/cong/planyourvisit/maps.htm', 'https://www.nps.gov/cong/planyourvisit/calendar.htm', 'https://www.nps.gov/cong/planyourvisit/permitsandreservations.htm', 'https://www.nps.gov/cong/planyourvisit/conditions.htm', 'https://www.nps.gov/cong/planyourvisit/Hiking.htm', 'https://www.nps.gov/cong/planyourvisit/canoeing.htm', 'https://www.nps.gov/cong/planyourvisit/fishing.htm', 'https://www.nps.gov/cong/planyourvisit/events.htm', 'https://www.nps.gov/cong/planyourvisit/camping.htm']","['basicinfo', 'maps', 'calendar', 'permitsandreservations', 'conditions', 'Hiking', 'canoeing', 'fishing', 'events', 'camping']"
Crater Lake,https://www.nps.gov/crla/index.htm,5/22/02,183224.05 acres (741.5 km2),42.94,-122.1,"['https://www.nps.gov/crla/planyourvisit/basicinfo.htm', 'https://www.nps.gov/crla/planyourvisit/maps.htm', 'https://www.nps.gov/crla/planyourvisit/calendar.htm', 'https://www.nps.gov/crla/planyourvisit/permitsandreservations.htm', 'https://www.nps.gov/crla/planyourvisit/conditions.htm', 'https://www.nps.gov/crla/planyourvisit/boat-and-trolley-tours.htm', 'https://www.nps.gov/crla/planyourvisit/overlooks.htm', 'https://www.nps.gov/crla/planyourvisit/winter-activities.htm', 'https://www.nps.gov/crla/planyourvisit/backcountry_camping.htm', 'https://www.nps.gov/crla/planyourvisit/scenic-rim-drive.htm', 'https://www.nps.gov/crla/planyourvisit/ranger-programs.htm']","['basicinfo', 'maps', 'calendar', 'permitsandreservations', 'conditions', 'boat-and-trolley-tours', 'overlooks', 'winter-activities', 'backcountry_camping', 'scenic-rim-drive', 'ranger-programs']"
Cuyahoga Valley,https://www.nps.gov/cuva/index.htm,10/11/00,32571.88 acres (131.8 km2),41.24,-81.55,"['https://www.nps.gov/cuva/planyourvisit/basicinfo.htm', 'https://www.nps.gov/cuva/planyourvisit/maps.htm', 'https://www.nps.gov/cuva/planyourvisit/calendar.htm', 'https://www.nps.gov/cuva/planyourvisit/permitsandreservations.htm', 'https://www.nps.gov/cuva/planyourvisit/conditions.htm', 'https://www.nps.gov/cuva/planyourvisit/trip-planner.htm', 'https://www.nps.gov/cuva/planyourvisit/outdooractivities.htm', 'https://www.nps.gov/cuva/planyourvisit/justforkids.htm', 'https://www.nps.gov/cuva/planyourvisit/train.htm', 'https://www.nps.gov/cuva/planyourvisit/ohio-and-erie-canal-towpath-trail.htm']","['basicinfo', 'maps', 'calendar', 'permitsandreservations', 'conditions', 'trip-planner', 'outdooractivities', 'justforkids', 'train', 'ohio-and-erie-canal-towpath-trail']"
Death Valley,https://www.nps.gov/deva/index.htm,10/31/94,3408406.73 acres (13793.3 km2),36.24,-116.82,"['https://www.nps.gov/deva/planyourvisit/basicinfo.htm', 'https://www.nps.gov/deva/planyourvisit/maps.htm', 'https://www.nps.gov/deva/planyourvisit/calendar.htm', 'https://www.nps.gov/deva/planyourvisit/conditions.htm', 'https://www.nps.gov/deva/planyourvisit/indooractivities.htm', 'https://www.nps.gov/deva/planyourvisit/outdooractivities.htm', 'https://www.nps.gov/deva/planyourvisit/tours.htm']","['basicinfo', 'maps', 'calendar', 'conditions', 'indooractivities', 'outdooractivities', 'tours']"
Denali,https://www.nps.gov/dena/index.htm,2/26/17,4740911.16 acres (19185.8 km2),63.33,-150.5,"['https://www.nps.gov/dena/planyourvisit/basicinfo.htm', 'https://www.nps.gov/dena/planyourvisit/maps.htm', 'https://www.nps.gov/dena/planyourvisit/calendar.htm', 'https://www.nps.gov/dena/planyourvisit/permits.htm', 'https://www.nps.gov/dena/planyourvisit/conditions.htm', 'https://www.nps.gov/dena/planyourvisit/visiting-denali.htm', 'https://www.nps.gov/dena/planyourvisit/winter-activities.htm', 'https://www.nps.gov/dena/planyourvisit/photography.htm', 'https://www.nps.gov/dena/planyourvisit/dayhiking.htm', 'https://www.nps.gov/dena/planyourvisit/ranger-programs.htm', 'https://www.nps.gov/dena/planyourvisit/campgrounds.htm', 'https://www.nps.gov/dena/planyourvisit/wildlife-viewing.htm', 'https://www.nps.gov/dena/planyourvisit/cycling.htm', 'https://www.nps.gov/dena/planyourvisit/kennels.htm', 'https://www.nps.gov/dena/planyourvisit/savage-river-area.htm', 'https://www.nps.gov/dena/planyourvisit/flightseeing.htm', 'https://www.nps.gov/dena/planyourvisit/backcountry.htm', 'https://www.nps.gov/dena/planyourvisit/mountaineering.htm']","['basicinfo', 'maps', 'calendar', 'permits', 'conditions', 'visiting-denali', 'winter-activities', 'photography', 'dayhiking', 'ranger-programs', 'campgrounds', 'wildlife-viewing', 'cycling', 'kennels', 'savage-river-area', 'flightseeing', 'backcountry', 'mountaineering']"
Dry Tortugas,https://www.nps.gov/drto/index.htm,10/26/92,64701.22 acres (261.8 km2),24.63,-82.87,"['https://www.nps.gov/drto/planyourvisit/basicinfo.htm', 'https://www.nps.gov/drto/planyourvisit/maps.htm', 'https://www.nps.gov/drto/planyourvisit/calendar.htm', 'https://www.nps.gov/drto/planyourvisit/permitsandreservations.htm', 'https://www.nps.gov/drto/planyourvisit/conditions.htm']","['basicinfo', 'maps', 'calendar', 'permitsandreservations', 'conditions']"
Everglades,https://www.nps.gov/ever/index.htm,5/30/34,1508938.57 acres (6106.5 km2),25.32,-80.93,"['https://www.nps.gov/ever/planyourvisit/basicinfo.htm', 'https://www.nps.gov/ever/planyourvisit/maps.htm', 'https://www.nps.gov/ever/planyourvisit/calendar.htm', 'https://www.nps.gov/ever/planyourvisit/permitsandreservations.htm', 'https://www.nps.gov/ever/planyourvisit/conditions.htm', 'https://www.nps.gov/ever/planyourvisit/bicycling.htm', 'https://www.nps.gov/ever/planyourvisit/bird-watching-spots.htm', 'https://www.nps.gov/ever/planyourvisit/boating.htm', 'https://www.nps.gov/ever/planyourvisit/camping.htm', 'https://www.nps.gov/ever/planyourvisit/backcamp.htm', 'https://www.nps.gov/ever/planyourvisit/canoe-and-kayak-trails.htm', 'https://www.nps.gov/ever/planyourvisit/fishing.htm', 'https://www.nps.gov/ever/planyourvisit/geocaching.htm', 'https://www.nps.gov/ever/planyourvisit/hiking-trails.htm', 'https://www.nps.gov/ever/planyourvisit/rangerprograms.htm', 'https://www.nps.gov/ever/planyourvisit/sloughslog.htm', 'https://www.nps.gov/ever/planyourvisit/guidedtours.htm', 'https://www.nps.gov/ever/planyourvisit/permittedtours.htm']","['basicinfo', 'maps', 'calendar', 'permitsandreservations', 'conditions', 'bicycling', 'bird-watching-spots', 'boating', 'camping', 'backcamp', 'canoe-and-kayak-trails', 'fishing', 'geocaching', 'hiking-trails', 'rangerprograms', 'sloughslog', 'guidedtours', 'permittedtours']"
Gates of the Arctic,https://www.nps.gov/gaar/index.htm,12/2/80,7523897.45 acres (30448.1 km2),67.78,-153.3,"['https://www.nps.gov/gaar/planyourvisit/basicinfo.htm', 'https://www.nps.gov/gaar/planyourvisit/maps.htm', 'https://www.nps.gov/gaar/planyourvisit/calendar.htm', 'https://www.nps.gov/gaar/planyourvisit/permitsandreservations.htm', 'https://www.nps.gov/gaar/planyourvisit/conditions.htm', 'https://www.nps.gov/gaar/planyourvisit/backpackingandhiking.htm', 'https://www.nps.gov/gaar/planyourvisit/birding.htm', 'https://www.nps.gov/gaar/planyourvisit/camping.htm', 'https://www.nps.gov/gaar/planyourvisit/hunting.htm']","['basicinfo', 'maps', 'calendar', 'permitsandreservations', 'conditions', 'backpackingandhiking', 'birding', 'camping', 'hunting']"
Gateway Arch,https://www.nps.gov/jeff/index.htm,2/22/18,192.83 acres (0.8 km2),38.6246,-90.18497,"['https://www.nps.gov/jeff/planyourvisit/basicinfo.htm', 'https://www.nps.gov/jeff/planyourvisit/maps.htm', 'https://www.nps.gov/jeff/planyourvisit/calendar.htm', 'https://www.nps.gov/jeff/planyourvisit/permitsandreservations.htm', 'https://www.nps.gov/jeff/planyourvisit/conditions.htm', 'https://www.nps.gov/jeff/planyourvisit/museum-at-the-gateway-arch.htm', 'https://www.nps.gov/jeff/planyourvisit/tucker-theater.htm', 'https://www.nps.gov/jeff/planyourvisit/och.htm']","['basicinfo', 'maps', 'calendar', 'permitsandreservations', 'conditions', 'museum-at-the-gateway-arch', 'tucker-theater', 'och']"
Glacier,https://www.nps.gov/glac/index.htm,5/11/10,1013125.99 acres (4100.0 km2),48.8,-114,"['https://www.nps.gov/glac/planyourvisit/basicinfo.htm', 'https://www.nps.gov/glac/planyourvisit/maps.htm', 'https://www.nps.gov/glac/planyourvisit/calendar.htm', 'https://www.nps.gov/glac/planyourvisit/permitsandreservations.htm', 'https://www.nps.gov/glac/planyourvisit/conditions.htm', 'https://www.nps.gov/glac/planyourvisit/hikingthetrails.htm', 'https://www.nps.gov/glac/planyourvisit/backcountry.htm', 'https://www.nps.gov/glac/planyourvisit/ranger-led-activities.htm', 'https://www.nps.gov/glac/planyourvisit/guidedtours.htm', 'https://www.nps.gov/glac/planyourvisit/goingtothesunroad.htm', 'https://www.nps.gov/glac/planyourvisit/camping.htm', 'https://www.nps.gov/glac/planyourvisit/photo-tips.htm', 'https://www.nps.gov/glac/planyourvisit/bicycling.htm', 'https://www.nps.gov/glac/planyourvisit/fishing.htm', 'https://www.nps.gov/glac/planyourvisit/boating.htm', 'https://www.nps.gov/glac/planyourvisit/privatestockuse.htm', 'https://www.nps.gov/glac/planyourvisit/crosscountryskiing.htm', 'https://www.nps.gov/glac/planyourvisit/river-camping.htm']","['basicinfo', 'maps', 'calendar', 'permitsandreservations', 'conditions', 'hikingthetrails', 'backcountry', 'ranger-led-activities', 'guidedtours', 'goingtothesunroad', 'camping', 'photo-tips', 'bicycling', 'fishing', 'boating', 'privatestockuse', 'crosscountryskiing', 'river-camping']"
Glacier Bay,https://www.nps.gov/glba/index.htm,12/2/80,3223383.43 acres (13044.6 km2),58.5,-137,"['https://www.nps.gov/glba/planyourvisit/basicinfo.htm', 'https://www.nps.gov/glba/planyourvisit/maps.htm', 'https://www.nps.gov/glba/planyourvisit/calendar.htm', 'https://www.nps.gov/glba/planyourvisit/permitsandreservations.htm', 'https://www.nps.gov/glba/planyourvisit/conditions.htm', 'https://www.nps.gov/glba/planyourvisit/exploring-bartlett-cove.htm', 'https://www.nps.gov/glba/planyourvisit/kayaking.htm', 'https://www.nps.gov/glba/planyourvisit/hiking.htm', 'https://www.nps.gov/glba/planyourvisit/cruising.htm', 'https://www.nps.gov/glba/planyourvisit/join-a-park-ranger.htm', 'https://www.nps.gov/glba/planyourvisit/outdooractivities.htm', 'https://www.nps.gov/glba/planyourvisit/preserve.htm', 'https://www.nps.gov/glba/planyourvisit/flightseeing.htm', 'https://www.nps.gov/glba/planyourvisit/glacier-bay-bird-watching.htm', 'https://www.nps.gov/glba/planyourvisit/sport-fishing.htm', 'https://www.nps.gov/glba/planyourvisit/brochures.htm', 'https://www.nps.gov/glba/planyourvisit/directions.htm', 'https://www.nps.gov/glba/planyourvisit/hours.htm', 'https://www.nps.gov/glba/planyourvisit/goodsandservices.htm']","['basicinfo', 'maps', 'calendar', 'permitsandreservations', 'conditions', 'exploring-bartlett-cove', 'kayaking', 'hiking', 'cruising', 'join-a-park-ranger', 'outdooractivities', 'preserve', 'flightseeing', 'glacier-bay-bird-watching', 'sport-fishing', 'brochures', 'directions', 'hours', 'goodsandservices']"
Grand Canyon,https://www.nps.gov/grca/index.htm,2/26/19,1201647.03 acres (4862.9 km2),36.06,-112.14,"['https://www.nps.gov/grca/planyourvisit/basicinfo.htm', 'https://www.nps.gov/grca/planyourvisit/maps.htm', 'https://www.nps.gov/grca/planyourvisit/calendar.htm', 'https://www.nps.gov/grca/planyourvisit/permitsandreservations.htm', 'https://www.nps.gov/grca/planyourvisit/conditions.htm', 'https://www.nps.gov/grca/planyourvisit/grand-canyon-national-park-public-health-update.htm', 'https://www.nps.gov/grca/planyourvisit/north-rim.htm', 'https://www.nps.gov/grca/planyourvisit/weather-condition.htm', 'https://www.nps.gov/grca/planyourvisit/the-trail-of-time.htm', 'https://www.nps.gov/grca/planyourvisit/verkamps.htm', 'https://www.nps.gov/grca/planyourvisit/backcountry.htm', 'https://www.nps.gov/grca/planyourvisit/photography.htm', 'https://www.nps.gov/grca/planyourvisit/wildlifephotography.htm', 'https://www.nps.gov/grca/planyourvisit/bicycling.htm', 'https://www.nps.gov/grca/planyourvisit/mule_trips.htm', 'https://www.nps.gov/grca/planyourvisit/desert-view-drive.htm', 'https://www.nps.gov/grca/planyourvisit/hermit-red-route.htm', 'https://www.nps.gov/grca/planyourvisit/hermit-road.htm', 'https://www.nps.gov/grca/planyourvisit/visitorcenters.htm', 'https://www.nps.gov/grca/planyourvisit/bookgift_srim.htm', 'https://www.nps.gov/grca/planyourvisit/guidedtours.htm', 'https://www.nps.gov/grca/planyourvisit/one-day-river-trip.htm', 'https://www.nps.gov/grca/planyourvisit/whitewater-rafting.htm', 'https://www.nps.gov/grca/planyourvisit/sr-programs.htm', 'https://www.nps.gov/grca/planyourvisit/dv-programs.htm', 'https://www.nps.gov/grca/planyourvisit/desert-view.htm', 'https://www.nps.gov/grca/planyourvisit/desert-view-cultural-demonstrator-schedule2.htm', 'https://www.nps.gov/grca/planyourvisit/nr-programs.htm', 'https://www.nps.gov/grca/planyourvisit/traveling-green.htm']","['basicinfo', 'maps', 'calendar', 'permitsandreservations', 'conditions', 'grand-canyon-national-park-public-health-update', 'north-rim', 'weather-condition', 'the-trail-of-time', 'verkamps', 'backcountry', 'photography', 'wildlifephotography', 'bicycling', 'mule_trips', 'desert-view-drive', 'hermit-red-route', 'hermit-road', 'visitorcenters', 'bookgift_srim', 'guidedtours', 'one-day-river-trip', 'whitewater-rafting', 'sr-programs', 'dv-programs', 'desert-view', 'desert-view-cultural-demonstrator-schedule2', 'nr-programs', 'traveling-green']"
Grand Teton,https://www.nps.gov/grte/index.htm,2/26/29,310044.36 acres (1254.7 km2),43.73,-110.8,"['https://www.nps.gov/grte/planyourvisit/basicinfo.htm', 'https://www.nps.gov/grte/planyourvisit/maps.htm', 'https://www.nps.gov/grte/planyourvisit/calendar.htm', 'https://www.nps.gov/grte/planyourvisit/permitsandreservations.htm', 'https://www.nps.gov/grte/planyourvisit/conditions.htm', 'https://www.nps.gov/grte/planyourvisit/visitorcenters.htm', 'https://www.nps.gov/grte/planyourvisit/ranger-programs.htm', 'https://www.nps.gov/grte/planyourvisit/hike.htm', 'https://www.nps.gov/grte/planyourvisit/back.htm', 'https://www.nps.gov/grte/planyourvisit/climb.htm', 'https://www.nps.gov/grte/planyourvisit/boat.htm', 'https://www.nps.gov/grte/planyourvisit/fish.htm', 'https://www.nps.gov/grte/planyourvisit/camping.htm', 'https://www.nps.gov/grte/planyourvisit/wildview.htm', 'https://www.nps.gov/grte/planyourvisit/drives.htm', 'https://www.nps.gov/grte/planyourvisit/bike.htm', 'https://www.nps.gov/grte/planyourvisit/concessions.htm', 'https://www.nps.gov/grte/planyourvisit/nearbyattractions.htm', 'https://www.nps.gov/grte/planyourvisit/index.htm', 'https://www.nps.gov/grte/planyourvisit/nps-grand-teton-app.htm']","['basicinfo', 'maps', 'calendar', 'permitsandreservations', 'conditions', 'visitorcenters', 'ranger-programs', 'hike', 'back', 'climb', 'boat', 'fish', 'camping', 'wildview', 'drives', 'bike', 'concessions', 'nearbyattractions', 'index', 'nps-grand-teton-app']"
Great Basin,https://www.nps.gov/grba/index.htm,10/27/86,77180.00 acres (312.3 km2),38.98,-114.3,"['https://www.nps.gov/grba/planyourvisit/basicinfo.htm', 'https://www.nps.gov/grba/planyourvisit/maps.htm', 'https://www.nps.gov/grba/planyourvisit/calendar.htm', 'https://www.nps.gov/grba/planyourvisit/permits.htm', 'https://www.nps.gov/grba/planyourvisit/conditions.htm', 'https://www.nps.gov/grba/planyourvisit/things2know.htm', 'https://www.nps.gov/grba/planyourvisit/hiking-information.htm', 'https://www.nps.gov/grba/planyourvisit/rangerprograms.htm', 'https://www.nps.gov/grba/planyourvisit/picnic-areas.htm', 'https://www.nps.gov/grba/planyourvisit/great-basin-night-sky.htm', 'https://www.nps.gov/grba/planyourvisit/site-bulletins.htm']","['basicinfo', 'maps', 'calendar', 'permits', 'conditions', 'things2know', 'hiking-information', 'rangerprograms', 'picnic-areas', 'great-basin-night-sky', 'site-bulletins']"
Great Sand Dunes,https://www.nps.gov/grsa/index.htm,9/13/04,107341.87 acres (434.4 km2),37.73,-105.51,[],[]
Great Smoky Mountains,https://www.nps.gov/grsm/index.htm,6/15/34,522426.88 acres (2114.2 km2),35.68,-83.53,"['https://www.nps.gov/grsm/planyourvisit/basicinfo.htm', 'https://www.nps.gov/grsm/planyourvisit/maps.htm', 'https://www.nps.gov/grsm/planyourvisit/calendar.htm', 'https://www.nps.gov/grsm/planyourvisit/permitsandreservations.htm', 'https://www.nps.gov/grsm/planyourvisit/conditions.htm', 'https://www.nps.gov/grsm/planyourvisit/wildlifeviewing.htm', 'https://www.nps.gov/grsm/planyourvisit/fishing.htm', 'https://www.nps.gov/grsm/planyourvisit/hiking.htm', 'https://www.nps.gov/grsm/planyourvisit/waterfalls.htm', 'https://www.nps.gov/grsm/planyourvisit/trip-planner.htm', 'https://www.nps.gov/grsm/planyourvisit/autotouring.htm', 'https://www.nps.gov/grsm/planyourvisit/biking.htm', 'https://www.nps.gov/grsm/planyourvisit/burial_landscape.htm', 'https://www.nps.gov/grsm/planyourvisit/carcamping.htm', 'https://www.nps.gov/grsm/planyourvisit/fallcolor.htm', 'https://www.nps.gov/grsm/planyourvisit/historicbuildings.htm', 'https://www.nps.gov/grsm/planyourvisit/horseriding.htm', 'https://www.nps.gov/grsm/planyourvisit/picnic.htm']","['basicinfo', 'maps', 'calendar', 'permitsandreservations', 'conditions', 'wildlifeviewing', 'fishing', 'hiking', 'waterfalls', 'trip-planner', 'autotouring', 'biking', 'burial_landscape', 'carcamping', 'fallcolor', 'historicbuildings', 'horseriding', 'picnic']"
Guadalupe Mountains,https://www.nps.gov/gumo/index.htm,10/15/66,86367.10 acres (349.5 km2),31.92,-104.87,"['https://www.nps.gov/gumo/planyourvisit/basicinfo.htm', 'https://www.nps.gov/gumo/planyourvisit/maps.htm', 'https://www.nps.gov/gumo/planyourvisit/calendar.htm', 'https://www.nps.gov/gumo/planyourvisit/permitsandreservations.htm', 'https://www.nps.gov/gumo/planyourvisit/conditions.htm', 'https://www.nps.gov/gumo/planyourvisit/camping.htm', 'https://www.nps.gov/gumo/planyourvisit/hiking.htm', 'https://www.nps.gov/gumo/planyourvisit/backpacking.htm', 'https://www.nps.gov/gumo/planyourvisit/birding.htm']","['basicinfo', 'maps', 'calendar', 'permitsandreservations', 'conditions', 'camping', 'hiking', 'backpacking', 'birding']"
Haleakala,https://www.nps.gov/hale/index.htm,7/1/61,33264.62 acres (134.6 km2),20.72,-156.17,"['https://www.nps.gov/hale/planyourvisit/basicinfo.htm', 'https://www.nps.gov/hale/planyourvisit/maps.htm', 'https://www.nps.gov/hale/planyourvisit/calendar.htm', 'https://www.nps.gov/hale/planyourvisit/permitsandreservations.htm', 'https://www.nps.gov/hale/planyourvisit/conditions.htm', 'https://www.nps.gov/hale/planyourvisit/wilderness-area.htm', 'https://www.nps.gov/hale/planyourvisit/summit-area.htm', 'https://www.nps.gov/hale/planyourvisit/kipahulu.htm', 'https://www.nps.gov/hale/planyourvisit/skywatching.htm', 'https://www.nps.gov/hale/planyourvisit/guided-activities.htm']","['basicinfo', 'maps', 'calendar', 'permitsandreservations', 'conditions', 'wilderness-area', 'summit-area', 'kipahulu', 'skywatching', 'guided-activities']"
Hawaii Volcanoes,https://www.nps.gov/havo/index.htm,8/1/16,325605.28 acres (1317.7 km2),19.38,-155.2,"['https://www.nps.gov/havo/planyourvisit/basicinfo.htm', 'https://www.nps.gov/havo/planyourvisit/maps.htm', 'https://www.nps.gov/havo/planyourvisit/calendar.htm', 'https://www.nps.gov/havo/planyourvisit/permits.htm', 'https://www.nps.gov/havo/planyourvisit/conditions.htm', 'https://www.nps.gov/havo/planyourvisit/hikes_day.htm', 'https://www.nps.gov/havo/planyourvisit/hike_bc.htm', 'https://www.nps.gov/havo/planyourvisit/craterrimtour.htm', 'https://www.nps.gov/havo/planyourvisit/ccr_tour.htm', 'https://www.nps.gov/havo/planyourvisit/kahuku.htm', 'https://www.nps.gov/havo/planyourvisit/summit_stewardship.htm', 'https://www.nps.gov/havo/planyourvisit/attend-a-ranger-program.htm']","['basicinfo', 'maps', 'calendar', 'permits', 'conditions', 'hikes_day', 'hike_bc', 'craterrimtour', 'ccr_tour', 'kahuku', 'summit_stewardship', 'attend-a-ranger-program']"
Hot Springs,https://www.nps.gov/hosp/index.htm,3/4/21,5554.15 acres (22.5 km2),34.51,-93.05,"['https://www.nps.gov/hosp/planyourvisit/basicinfo.htm', 'https://www.nps.gov/hosp/planyourvisit/maps.htm', 'https://www.nps.gov/hosp/planyourvisit/calendar.htm', 'https://www.nps.gov/hosp/planyourvisit/permits.htm', 'https://www.nps.gov/hosp/planyourvisit/conditions.htm', 'https://www.nps.gov/hosp/planyourvisit/fordyce-bathhouse.htm', 'https://www.nps.gov/hosp/planyourvisit/thermal-springs.htm', 'https://www.nps.gov/hosp/planyourvisit/trails.htm', 'https://www.nps.gov/hosp/planyourvisit/photography.htm', 'https://www.nps.gov/hosp/planyourvisit/biking.htm', 'https://www.nps.gov/hosp/planyourvisit/guidedtours.htm', 'https://www.nps.gov/hosp/planyourvisit/pets.htm', 'https://www.nps.gov/hosp/planyourvisit/campground.htm', 'https://www.nps.gov/hosp/planyourvisit/picnic-in-the-park.htm', 'https://www.nps.gov/hosp/planyourvisit/soak-in-the-springs.htm', 'https://www.nps.gov/hosp/planyourvisit/scenic-overlooks.htm', 'https://www.nps.gov/hosp/planyourvisit/eating-sleeping.htm', 'https://www.nps.gov/hosp/planyourvisit/shopping.htm']","['basicinfo', 'maps', 'calendar', 'permits', 'conditions', 'fordyce-bathhouse', 'thermal-springs', 'trails', 'photography', 'biking', 'guidedtours', 'pets', 'campground', 'picnic-in-the-park', 'soak-in-the-springs', 'scenic-overlooks', 'eating-sleeping', 'shopping']"
Indiana Dunes,https://www.nps.gov/indu/index.htm,2/15/19,15349.08 acres (62.1 km2),41.648056,-87.108056,"['https://www.nps.gov/indu/planyourvisit/basicinfo.htm', 'https://www.nps.gov/indu/planyourvisit/maps.htm', 'https://www.nps.gov/indu/planyourvisit/calendar.htm', 'https://www.nps.gov/indu/planyourvisit/permitsandreservations.htm', 'https://www.nps.gov/indu/planyourvisit/conditions.htm', 'https://www.nps.gov/indu/planyourvisit/idnlvc.htm', 'https://www.nps.gov/indu/planyourvisit/biking.htm', 'https://www.nps.gov/indu/planyourvisit/birdwatching.htm', 'https://www.nps.gov/indu/planyourvisit/campgrounds.htm', 'https://www.nps.gov/indu/planyourvisit/hiking.htm', 'https://www.nps.gov/indu/planyourvisit/horse.htm', 'https://www.nps.gov/indu/planyourvisit/picnic.htm', 'https://www.nps.gov/indu/planyourvisit/winteractivities.htm', 'https://www.nps.gov/indu/planyourvisit/guidedtours.htm']","['basicinfo', 'maps', 'calendar', 'permitsandreservations', 'conditions', 'idnlvc', 'biking', 'birdwatching', 'campgrounds', 'hiking', 'horse', 'picnic', 'winteractivities', 'guidedtours']"
Isle Royale,https://www.nps.gov/isro/index.htm,4/3/40,571790.30 acres (2314.0 km2),48.1,-88.55,"['https://www.nps.gov/isro/planyourvisit/basicinfo.htm', 'https://www.nps.gov/isro/planyourvisit/maps.htm', 'https://www.nps.gov/isro/planyourvisit/calendar.htm', 'https://www.nps.gov/isro/planyourvisit/permitsandreservations.htm', 'https://www.nps.gov/isro/planyourvisit/conditions.htm', 'https://www.nps.gov/isro/planyourvisit/camping.htm', 'https://www.nps.gov/isro/planyourvisit/canoe-and-kayak.htm', 'https://www.nps.gov/isro/planyourvisit/day-hiking.htm', 'https://www.nps.gov/isro/planyourvisit/rangerprograms.htm', 'https://www.nps.gov/isro/planyourvisit/guidedtours.htm', 'https://www.nps.gov/isro/planyourvisit/boating.htm', 'https://www.nps.gov/isro/planyourvisit/scuba-diving.htm', 'https://www.nps.gov/isro/planyourvisit/fishing.htm', 'https://www.nps.gov/isro/planyourvisit/justforkids.htm']","['basicinfo', 'maps', 'calendar', 'permitsandreservations', 'conditions', 'camping', 'canoe-and-kayak', 'day-hiking', 'rangerprograms', 'guidedtours', 'boating', 'scuba-diving', 'fishing', 'justforkids']"
Joshua Tree,https://www.nps.gov/jotr/index.htm,10/31/94,795155.85 acres (3217.9 km2),33.79,-115.9,"['https://www.nps.gov/jotr/planyourvisit/basicinfo.htm', 'https://www.nps.gov/jotr/planyourvisit/maps.htm', 'https://www.nps.gov/jotr/planyourvisit/calendar.htm', 'https://www.nps.gov/jotr/planyourvisit/permitsandreservations.htm', 'https://www.nps.gov/jotr/planyourvisit/conditions.htm', 'https://www.nps.gov/jotr/planyourvisit/campgrounds.htm', 'https://www.nps.gov/jotr/planyourvisit/hiking.htm', 'https://www.nps.gov/jotr/planyourvisit/photography.htm', 'https://www.nps.gov/jotr/planyourvisit/birding.htm', 'https://www.nps.gov/jotr/planyourvisit/stargazing.htm', 'https://www.nps.gov/jotr/planyourvisit/mountain-biking.htm', 'https://www.nps.gov/jotr/planyourvisit/climbing.htm', 'https://www.nps.gov/jotr/planyourvisit/backpacking.htm', 'https://www.nps.gov/jotr/planyourvisit/horseback-riding.htm', 'https://www.nps.gov/jotr/planyourvisit/backcountry-roads.htm', 'https://www.nps.gov/jotr/planyourvisit/geology-motor-tour.htm', 'https://www.nps.gov/jotr/planyourvisit/ranchtour.htm', 'https://www.nps.gov/jotr/planyourvisit/blooms.htm']","['basicinfo', 'maps', 'calendar', 'permitsandreservations', 'conditions', 'campgrounds', 'hiking', 'photography', 'birding', 'stargazing', 'mountain-biking', 'climbing', 'backpacking', 'horseback-riding', 'backcountry-roads', 'geology-motor-tour', 'ranchtour', 'blooms']"
Katmai,https://www.nps.gov/katm/index.htm,12/2/80,3674529.33 acres (14870.3 km2),58.5,-155,"['https://www.nps.gov/katm/planyourvisit/basicinfo.htm', 'https://www.nps.gov/katm/planyourvisit/maps.htm', 'https://www.nps.gov/katm/planyourvisit/calendar.htm', 'https://www.nps.gov/katm/planyourvisit/permitsandreservations.htm', 'https://www.nps.gov/katm/planyourvisit/conditions.htm', 'https://www.nps.gov/katm/planyourvisit/backcountry-hiking-and-camping.htm', 'https://www.nps.gov/katm/planyourvisit/bear-watching.htm', 'https://www.nps.gov/katm/planyourvisit/boating.htm', 'https://www.nps.gov/katm/planyourvisit/brookscamp.htm', 'https://www.nps.gov/katm/planyourvisit/brooks-camp.htm', 'https://www.nps.gov/katm/planyourvisit/flightseeing-tours.htm', 'https://www.nps.gov/katm/planyourvisit/fishing.htm', 'https://www.nps.gov/katm/planyourvisit/hunting.htm', 'https://www.nps.gov/katm/planyourvisit/nearbyattractions.htm', 'https://www.nps.gov/katm/planyourvisit/rangerguided.htm']","['basicinfo', 'maps', 'calendar', 'permitsandreservations', 'conditions', 'backcountry-hiking-and-camping', 'bear-watching', 'boating', 'brookscamp', 'brooks-camp', 'flightseeing-tours', 'fishing', 'hunting', 'nearbyattractions', 'rangerguided']"
Kenai Fjords,https://www.nps.gov/kefj/index.htm,12/2/80,669650.05 acres (2710.0 km2),59.92,-149.65,"['https://www.nps.gov/kefj/planyourvisit/basicinfo.htm', 'https://www.nps.gov/kefj/planyourvisit/maps.htm', 'https://www.nps.gov/kefj/planyourvisit/calendar.htm', 'https://www.nps.gov/kefj/planyourvisit/permits.htm', 'https://www.nps.gov/kefj/planyourvisit/conditions.htm', 'https://www.nps.gov/kefj/planyourvisit/exit-glacier-area.htm', 'https://www.nps.gov/kefj/planyourvisit/ranger-programs.htm', 'https://www.nps.gov/kefj/planyourvisit/boattours.htm', 'https://www.nps.gov/kefj/planyourvisit/harding_icefield_trail.htm', 'https://www.nps.gov/kefj/planyourvisit/kayaking.htm', 'https://www.nps.gov/kefj/planyourvisit/winter-activities.htm', 'https://www.nps.gov/kefj/planyourvisit/public-use-cabins.htm', 'https://www.nps.gov/kefj/planyourvisit/outfitters-and-guides.htm']","['basicinfo', 'maps', 'calendar', 'permits', 'conditions', 'exit-glacier-area', 'ranger-programs', 'boattours', 'harding_icefield_trail', 'kayaking', 'winter-activities', 'public-use-cabins', 'outfitters-and-guides']"
Kings Canyon,https://www.nps.gov/seki/index.htm,3/4/40,461901.20 acres (1869.2 km2),36.8,-118.55,"['https://www.nps.gov/seki/planyourvisit/basicinfo.htm', 'https://www.nps.gov/seki/planyourvisit/maps.htm', 'https://www.nps.gov/seki/planyourvisit/calendar.htm', 'https://www.nps.gov/seki/planyourvisit/permits.htm', 'https://www.nps.gov/seki/planyourvisit/conditions.htm', 'https://www.nps.gov/seki/planyourvisit/safety.htm', 'https://www.nps.gov/seki/planyourvisit/dayhikes.htm', 'https://www.nps.gov/seki/planyourvisit/backpacking.htm', 'https://www.nps.gov/seki/planyourvisit/driveviewsum.htm', 'https://www.nps.gov/seki/planyourvisit/sequoiagroves.htm', 'https://www.nps.gov/seki/planyourvisit/picnic.htm', 'https://www.nps.gov/seki/planyourvisit/rockclimb.htm', 'https://www.nps.gov/seki/planyourvisit/rangerprogsched.htm', 'https://www.nps.gov/seki/planyourvisit/horseride.htm', 'https://www.nps.gov/seki/planyourvisit/visitorcenters.htm', 'https://www.nps.gov/seki/planyourvisit/accessibility.htm', 'https://www.nps.gov/seki/planyourvisit/junior-ranger-day.htm', 'https://www.nps.gov/seki/planyourvisit/crystal-cave.htm', 'https://www.nps.gov/seki/planyourvisit/moro.htm', 'https://www.nps.gov/seki/planyourvisit/skiing.htm', 'https://www.nps.gov/seki/planyourvisit/snowplay.htm']","['basicinfo', 'maps', 'calendar', 'permits', 'conditions', 'safety', 'dayhikes', 'backpacking', 'driveviewsum', 'sequoiagroves', 'picnic', 'rockclimb', 'rangerprogsched', 'horseride', 'visitorcenters', 'accessibility', 'junior-ranger-day', 'crystal-cave', 'moro', 'skiing', 'snowplay']"
Kobuk Valley,https://www.nps.gov/kova/index.htm,12/2/80,1750716.16 acres (7084.9 km2),67.55,-159.28,"['https://www.nps.gov/kova/planyourvisit/basicinfo.htm', 'https://www.nps.gov/kova/planyourvisit/maps.htm', 'https://www.nps.gov/kova/planyourvisit/calendar.htm', 'https://www.nps.gov/kova/planyourvisit/conditions.htm', 'https://www.nps.gov/kova/planyourvisit/northwest-arctic-heritage-center.htm', 'https://www.nps.gov/kova/planyourvisit/video-postcards.htm']","['basicinfo', 'maps', 'calendar', 'conditions', 'northwest-arctic-heritage-center', 'video-postcards']"
Lake Clark,https://www.nps.gov/lacl/index.htm,12/2/80,2619816.49 acres (10602.0 km2),60.97,-153.42,"['https://www.nps.gov/lacl/planyourvisit/basicinfo.htm', 'https://www.nps.gov/lacl/planyourvisit/maps.htm', 'https://www.nps.gov/lacl/planyourvisit/calendar.htm', 'https://www.nps.gov/lacl/planyourvisit/permitsandreservations.htm', 'https://www.nps.gov/lacl/planyourvisit/conditions.htm', 'https://www.nps.gov/lacl/planyourvisit/bear-viewing.htm', 'https://www.nps.gov/lacl/planyourvisit/day-hikes.htm', 'https://www.nps.gov/lacl/planyourvisit/camping-and-backpacking.htm', 'https://www.nps.gov/lacl/planyourvisit/kayaking-and-canoeing.htm', 'https://www.nps.gov/lacl/planyourvisit/visit-proenneke-cabin.htm', 'https://www.nps.gov/lacl/planyourvisit/fishing.htm', 'https://www.nps.gov/lacl/planyourvisit/biking.htm', 'https://www.nps.gov/lacl/planyourvisit/priest-rock-cabin.htm', 'https://www.nps.gov/lacl/planyourvisit/power-boating.htm', 'https://www.nps.gov/lacl/planyourvisit/rafting.htm', 'https://www.nps.gov/lacl/planyourvisit/birdwatching.htm', 'https://www.nps.gov/lacl/planyourvisit/hunting.htm', 'https://www.nps.gov/lacl/planyourvisit/safety.htm', 'https://www.nps.gov/lacl/planyourvisit/directions.htm']","['basicinfo', 'maps', 'calendar', 'permitsandreservations', 'conditions', 'bear-viewing', 'day-hikes', 'camping-and-backpacking', 'kayaking-and-canoeing', 'visit-proenneke-cabin', 'fishing', 'biking', 'priest-rock-cabin', 'power-boating', 'rafting', 'birdwatching', 'hunting', 'safety', 'directions']"
Lassen Volcanic,https://www.nps.gov/lavo/index.htm,8/9/16,106589.02 acres (431.4 km2),40.49,-121.51,"['https://www.nps.gov/lavo/planyourvisit/basicinfo.htm', 'https://www.nps.gov/lavo/planyourvisit/maps.htm', 'https://www.nps.gov/lavo/planyourvisit/calendar.htm', 'https://www.nps.gov/lavo/planyourvisit/permits.htm', 'https://www.nps.gov/lavo/planyourvisit/conditions.htm', 'https://www.nps.gov/lavo/planyourvisit/camping-in-campgrounds.htm', 'https://www.nps.gov/lavo/planyourvisit/winter-road-closures-and-spring-clearing-update.htm', 'https://www.nps.gov/lavo/planyourvisit/field-seminars.htm', 'https://www.nps.gov/lavo/planyourvisit/winter_activities.htm', 'https://www.nps.gov/lavo/planyourvisit/wilderness-permit-information.htm', 'https://www.nps.gov/lavo/planyourvisit/snowshoeing.htm', 'https://www.nps.gov/lavo/planyourvisit/special-events.htm', 'https://www.nps.gov/lavo/planyourvisit/boating.htm', 'https://www.nps.gov/lavo/planyourvisit/stargazing.htm', 'https://www.nps.gov/lavo/planyourvisit/ranger_led_programs.htm', 'https://www.nps.gov/lavo/planyourvisit/stock-use.htm', 'https://www.nps.gov/lavo/planyourvisit/hiking_lassen_park.htm', 'https://www.nps.gov/lavo/planyourvisit/exploring-the-hydrothermal-areas.htm', 'https://www.nps.gov/lavo/planyourvisit/hiking_bumpass_hell.htm', 'https://www.nps.gov/lavo/planyourvisit/only-a-day-or-two-to-see-the-park.htm']","['basicinfo', 'maps', 'calendar', 'permits', 'conditions', 'camping-in-campgrounds', 'winter-road-closures-and-spring-clearing-update', 'field-seminars', 'winter_activities', 'wilderness-permit-information', 'snowshoeing', 'special-events', 'boating', 'stargazing', 'ranger_led_programs', 'stock-use', 'hiking_lassen_park', 'exploring-the-hydrothermal-areas', 'hiking_bumpass_hell', 'only-a-day-or-two-to-see-the-park']"
Mammoth Cave,https://www.nps.gov/maca/index.htm,7/1/41,54011.91 acres (218.6 km2),37.18,-86.1,"['https://www.nps.gov/maca/planyourvisit/basicinfo.htm', 'https://www.nps.gov/maca/planyourvisit/maps.htm', 'https://www.nps.gov/maca/planyourvisit/calendar.htm', 'https://www.nps.gov/maca/planyourvisit/permitsandreservations.htm', 'https://www.nps.gov/maca/planyourvisit/conditions.htm', 'https://www.nps.gov/maca/planyourvisit/gocavetours.htm', 'https://www.nps.gov/maca/planyourvisit/campgrounds.htm', 'https://www.nps.gov/maca/planyourvisit/ontherivers.htm', 'https://www.nps.gov/maca/planyourvisit/trails.htm', 'https://www.nps.gov/maca/planyourvisit/horseback.htm', 'https://www.nps.gov/maca/planyourvisit/biketrails.htm', 'https://www.nps.gov/maca/planyourvisit/placestogo.htm', 'https://www.nps.gov/maca/planyourvisit/maca_events.htm']","['basicinfo', 'maps', 'calendar', 'permitsandreservations', 'conditions', 'gocavetours', 'campgrounds', 'ontherivers', 'trails', 'horseback', 'biketrails', 'placestogo', 'maca_events']"
Mesa Verde,https://www.nps.gov/meve/index.htm,6/29/06,52485.17 acres (212.4 km2),37.18,-108.49,"['https://www.nps.gov/meve/planyourvisit/basicinfo.htm', 'https://www.nps.gov/meve/planyourvisit/maps.htm', 'https://www.nps.gov/meve/planyourvisit/calendar.htm', 'https://www.nps.gov/meve/planyourvisit/permitsandreservations.htm', 'https://www.nps.gov/meve/planyourvisit/conditions.htm', 'https://www.nps.gov/meve/planyourvisit/meve_vc.htm', 'https://www.nps.gov/meve/planyourvisit/guided_activities.htm', 'https://www.nps.gov/meve/planyourvisit/backcountry_hikes.htm', 'https://www.nps.gov/meve/planyourvisit/evening_program.htm', 'https://www.nps.gov/meve/planyourvisit/self_guided_activities.htm', 'https://www.nps.gov/meve/planyourvisit/hiking.htm', 'https://www.nps.gov/meve/planyourvisit/winter-activities.htm', 'https://www.nps.gov/meve/planyourvisit/birdwatching.htm', 'https://www.nps.gov/meve/planyourvisit/4c_lectureseries.htm', 'https://www.nps.gov/meve/planyourvisit/geologic_views.htm', 'https://www.nps.gov/meve/planyourvisit/wildlife.htm', 'https://www.nps.gov/meve/planyourvisit/photography.htm', 'https://www.nps.gov/meve/planyourvisit/stargazing.htm', 'https://www.nps.gov/meve/planyourvisit/hours.htm']","['basicinfo', 'maps', 'calendar', 'permitsandreservations', 'conditions', 'meve_vc', 'guided_activities', 'backcountry_hikes', 'evening_program', 'self_guided_activities', 'hiking', 'winter-activities', 'birdwatching', '4c_lectureseries', 'geologic_views', 'wildlife', 'photography', 'stargazing', 'hours']"
Mount Rainier,https://www.nps.gov/mora/index.htm,3/2/1899,236381.64 acres (956.6 km2),46.85,-121.75,"['https://www.nps.gov/mora/planyourvisit/basicinfo.htm', 'https://www.nps.gov/mora/planyourvisit/maps.htm', 'https://www.nps.gov/mora/planyourvisit/calendar.htm', 'https://www.nps.gov/mora/planyourvisit/permitsandreservations.htm', 'https://www.nps.gov/mora/planyourvisit/conditions.htm', 'https://www.nps.gov/mora/planyourvisit/road-status.htm', 'https://www.nps.gov/mora/planyourvisit/placestogo.htm', 'https://www.nps.gov/mora/planyourvisit/nearbyattractions.htm', 'https://www.nps.gov/mora/planyourvisit/wilderness-camping-and-hiking.htm', 'https://www.nps.gov/mora/planyourvisit/campgrounds.htm', 'https://www.nps.gov/mora/planyourvisit/climbing.htm', 'https://www.nps.gov/mora/planyourvisit/day-hiking-at-mount-rainier.htm', 'https://www.nps.gov/mora/planyourvisit/trails-of-mount-rainier.htm', 'https://www.nps.gov/mora/planyourvisit/winter-recreation.htm', 'https://www.nps.gov/mora/planyourvisit/wildflower-status.htm', 'https://www.nps.gov/mora/planyourvisit/bicycling.htm', 'https://www.nps.gov/mora/planyourvisit/fishing-and-boating.htm', 'https://www.nps.gov/mora/planyourvisit/rangerprograms.htm', 'https://www.nps.gov/mora/planyourvisit/citizen-ranger.htm', 'https://www.nps.gov/mora/planyourvisit/park-brochure.htm', 'https://www.nps.gov/mora/planyourvisit/safety.htm']","['basicinfo', 'maps', 'calendar', 'permitsandreservations', 'conditions', 'road-status', 'placestogo', 'nearbyattractions', 'wilderness-camping-and-hiking', 'campgrounds', 'climbing', 'day-hiking-at-mount-rainier', 'trails-of-mount-rainier', 'winter-recreation', 'wildflower-status', 'bicycling', 'fishing-and-boating', 'rangerprograms', 'citizen-ranger', 'park-brochure', 'safety']"
North Cascades,https://www.nps.gov/noca/index.htm,10/2/68,504780.94 acres (2042.8 km2),48.7,-121.2,"['https://www.nps.gov/noca/planyourvisit/basicinfo.htm', 'https://www.nps.gov/noca/planyourvisit/maps.htm', 'https://www.nps.gov/noca/planyourvisit/calendar.htm', 'https://www.nps.gov/noca/planyourvisit/permitsandreservations.htm', 'https://www.nps.gov/noca/planyourvisit/conditions.htm', 'https://www.nps.gov/noca/planyourvisit/hiking.htm', 'https://www.nps.gov/noca/planyourvisit/wilderness-trip-planner.htm', 'https://www.nps.gov/noca/planyourvisit/camping.htm', 'https://www.nps.gov/noca/planyourvisit/boating-and-fishing.htm', 'https://www.nps.gov/noca/planyourvisit/climbing.htm', 'https://www.nps.gov/noca/planyourvisit/bicycling.htm', 'https://www.nps.gov/noca/planyourvisit/stehekin.htm', 'https://www.nps.gov/noca/planyourvisit/horseback-riding.htm', 'https://www.nps.gov/noca/planyourvisit/bird-and-wildlife-viewing.htm']","['basicinfo', 'maps', 'calendar', 'permitsandreservations', 'conditions', 'hiking', 'wilderness-trip-planner', 'camping', 'boating-and-fishing', 'climbing', 'bicycling', 'stehekin', 'horseback-riding', 'bird-and-wildlife-viewing']"
Olympic,https://www.nps.gov/olym/index.htm,6/29/38,922649.41 acres (3733.8 km2),47.97,-123.5,"['https://www.nps.gov/olym/planyourvisit/basicinfo.htm', 'https://www.nps.gov/olym/planyourvisit/maps.htm', 'https://www.nps.gov/olym/planyourvisit/calendar.htm', 'https://www.nps.gov/olym/planyourvisit/permitsandreservations.htm', 'https://www.nps.gov/olym/planyourvisit/conditions.htm', 'https://www.nps.gov/olym/planyourvisit/boating.htm', 'https://www.nps.gov/olym/planyourvisit/fishing.htm', 'https://www.nps.gov/olym/planyourvisit/tidepool-activities.htm', 'https://www.nps.gov/olym/planyourvisit/camping.htm', 'https://www.nps.gov/olym/planyourvisit/day-hiking.htm', 'https://www.nps.gov/olym/planyourvisit/wilderness-trip-planner.htm', 'https://www.nps.gov/olym/planyourvisit/wildlife-viewing.htm', 'https://www.nps.gov/olym/planyourvisit/ranger-led-programs.htm', 'https://www.nps.gov/olym/planyourvisit/nightsky.htm', 'https://www.nps.gov/olym/planyourvisit/national-parks-passport-program.htm', 'https://www.nps.gov/olym/planyourvisit/visiting-in-winter.htm', 'https://www.nps.gov/olym/planyourvisit/art-and-photography.htm']","['basicinfo', 'maps', 'calendar', 'permitsandreservations', 'conditions', 'boating', 'fishing', 'tidepool-activities', 'camping', 'day-hiking', 'wilderness-trip-planner', 'wildlife-viewing', 'ranger-led-programs', 'nightsky', 'national-parks-passport-program', 'visiting-in-winter', 'art-and-photography']"
Petrified Forest,https://www.nps.gov/pefo/index.htm,12/9/62,221390.21 acres (895.9 km2),35.07,-109.78,"['https://www.nps.gov/pefo/planyourvisit/basicinfo.htm', 'https://www.nps.gov/pefo/planyourvisit/maps.htm', 'https://www.nps.gov/pefo/planyourvisit/calendar.htm', 'https://www.nps.gov/pefo/planyourvisit/permitsandreservations.htm', 'https://www.nps.gov/pefo/planyourvisit/conditions.htm', 'https://www.nps.gov/pefo/planyourvisit/gettingaround.htm', 'https://www.nps.gov/pefo/planyourvisit/trails.htm', 'https://www.nps.gov/pefo/planyourvisit/hiking.htm', 'https://www.nps.gov/pefo/planyourvisit/backpacking.htm', 'https://www.nps.gov/pefo/planyourvisit/bicycling.htm', 'https://www.nps.gov/pefo/planyourvisit/horseback-riding.htm', 'https://www.nps.gov/pefo/planyourvisit/geocaching.htm', 'https://www.nps.gov/pefo/planyourvisit/guidedtours.htm', 'https://www.nps.gov/pefo/planyourvisit/pets.htm', 'https://www.nps.gov/pefo/planyourvisit/visitorcenters.htm']","['basicinfo', 'maps', 'calendar', 'permitsandreservations', 'conditions', 'gettingaround', 'trails', 'hiking', 'backpacking', 'bicycling', 'horseback-riding', 'geocaching', 'guidedtours', 'pets', 'visitorcenters']"
Pinnacles,https://www.nps.gov/pinn/index.htm,1/10/13,26685.73 acres (108.0 km2),36.48,-121.16,"['https://www.nps.gov/pinn/planyourvisit/basicinfo.htm', 'https://www.nps.gov/pinn/planyourvisit/maps.htm', 'https://www.nps.gov/pinn/planyourvisit/calendar.htm', 'https://www.nps.gov/pinn/planyourvisit/permitsandreservations.htm', 'https://www.nps.gov/pinn/planyourvisit/conditions.htm', 'https://www.nps.gov/pinn/planyourvisit/trails.htm', 'https://www.nps.gov/pinn/planyourvisit/camp.htm', 'https://www.nps.gov/pinn/planyourvisit/ranger-programs.htm', 'https://www.nps.gov/pinn/planyourvisit/climb.htm', 'https://www.nps.gov/pinn/planyourvisit/climbadv.htm', 'https://www.nps.gov/pinn/planyourvisit/advisory.htm', 'https://www.nps.gov/pinn/planyourvisit/cavestatus.htm', 'https://www.nps.gov/pinn/planyourvisit/bird-watching.htm']","['basicinfo', 'maps', 'calendar', 'permitsandreservations', 'conditions', 'trails', 'camp', 'ranger-programs', 'climb', 'climbadv', 'advisory', 'cavestatus', 'bird-watching']"
Redwood,https://www.nps.gov/redw/index.htm,10/2/68,138999.37 acres (562.5 km2),41.3,-124,"['https://www.nps.gov/redw/planyourvisit/basicinfo.htm', 'https://www.nps.gov/redw/planyourvisit/maps.htm', 'https://www.nps.gov/redw/planyourvisit/calendar.htm', 'https://www.nps.gov/redw/planyourvisit/permits.htm', 'https://www.nps.gov/redw/planyourvisit/conditions.htm', 'https://www.nps.gov/redw/planyourvisit/drives.htm', 'https://www.nps.gov/redw/planyourvisit/camping.htm', 'https://www.nps.gov/redw/planyourvisit/hiking.htm', 'https://www.nps.gov/redw/planyourvisit/bikes.htm', 'https://www.nps.gov/redw/planyourvisit/pets.htm', 'https://www.nps.gov/redw/planyourvisit/redwoodpermits.htm', 'https://www.nps.gov/redw/planyourvisit/visitorcenters.htm', 'https://www.nps.gov/redw/planyourvisit/ranger-programs.htm']","['basicinfo', 'maps', 'calendar', 'permits', 'conditions', 'drives', 'camping', 'hiking', 'bikes', 'pets', 'redwoodpermits', 'visitorcenters', 'ranger-programs']"
Rocky Mountain,https://www.nps.gov/romo/index.htm,1/26/15,265807.25 acres (1075.7 km2),40.4,-105.58,"['https://www.nps.gov/romo/planyourvisit/basicinfo.htm', 'https://www.nps.gov/romo/planyourvisit/maps.htm', 'https://www.nps.gov/romo/planyourvisit/calendar.htm', 'https://www.nps.gov/romo/planyourvisit/permitsandreservations.htm', 'https://www.nps.gov/romo/planyourvisit/conditions.htm', 'https://www.nps.gov/romo/planyourvisit/hikes.htm', 'https://www.nps.gov/romo/planyourvisit/scenic-drives.htm', 'https://www.nps.gov/romo/planyourvisit/wildlife_view.htm', 'https://www.nps.gov/romo/planyourvisit/picnicking.htm', 'https://www.nps.gov/romo/planyourvisit/ranger_led_activities.htm', 'https://www.nps.gov/romo/planyourvisit/visitorcenters.htm', 'https://www.nps.gov/romo/planyourvisit/camping.htm', 'https://www.nps.gov/romo/planyourvisit/fishing.htm', 'https://www.nps.gov/romo/planyourvisit/wilderness-camping.htm']","['basicinfo', 'maps', 'calendar', 'permitsandreservations', 'conditions', 'hikes', 'scenic-drives', 'wildlife_view', 'picnicking', 'ranger_led_activities', 'visitorcenters', 'camping', 'fishing', 'wilderness-camping']"
Saguaro,https://www.nps.gov/sagu/index.htm,10/14/94,91715.72 acres (371.2 km2),32.25,-110.5,"['https://www.nps.gov/sagu/planyourvisit/basicinfo.htm', 'https://www.nps.gov/sagu/planyourvisit/maps.htm', 'https://www.nps.gov/sagu/planyourvisit/calendar.htm', 'https://www.nps.gov/sagu/planyourvisit/permitsandreservations.htm', 'https://www.nps.gov/sagu/planyourvisit/conditions.htm', 'https://www.nps.gov/sagu/planyourvisit/hiking-restrictions.htm', 'https://www.nps.gov/sagu/planyourvisit/saguaro_hiking.htm', 'https://www.nps.gov/sagu/planyourvisit/outdooractivities.htm', 'https://www.nps.gov/sagu/planyourvisit/camping.htm', 'https://www.nps.gov/sagu/planyourvisit/2009-junior-ranger-programs.htm', 'https://www.nps.gov/sagu/planyourvisit/fees.htm', 'https://www.nps.gov/sagu/planyourvisit/guided-programs.htm']","['basicinfo', 'maps', 'calendar', 'permitsandreservations', 'conditions', 'hiking-restrictions', 'saguaro_hiking', 'outdooractivities', 'camping', '2009-junior-ranger-programs', 'fees', 'guided-programs']"
Sequoia,https://www.nps.gov/seki/index.htm,9/25/1890,404062.63 acres (1635.2 km2),36.43,-118.68,"['https://www.nps.gov/seki/planyourvisit/basicinfo.htm', 'https://www.nps.gov/seki/planyourvisit/maps.htm', 'https://www.nps.gov/seki/planyourvisit/calendar.htm', 'https://www.nps.gov/seki/planyourvisit/permits.htm', 'https://www.nps.gov/seki/planyourvisit/conditions.htm', 'https://www.nps.gov/seki/planyourvisit/safety.htm', 'https://www.nps.gov/seki/planyourvisit/dayhikes.htm', 'https://www.nps.gov/seki/planyourvisit/backpacking.htm', 'https://www.nps.gov/seki/planyourvisit/driveviewsum.htm', 'https://www.nps.gov/seki/planyourvisit/sequoiagroves.htm', 'https://www.nps.gov/seki/planyourvisit/picnic.htm', 'https://www.nps.gov/seki/planyourvisit/rockclimb.htm', 'https://www.nps.gov/seki/planyourvisit/rangerprogsched.htm', 'https://www.nps.gov/seki/planyourvisit/horseride.htm', 'https://www.nps.gov/seki/planyourvisit/visitorcenters.htm', 'https://www.nps.gov/seki/planyourvisit/accessibility.htm', 'https://www.nps.gov/seki/planyourvisit/junior-ranger-day.htm', 'https://www.nps.gov/seki/planyourvisit/crystal-cave.htm', 'https://www.nps.gov/seki/planyourvisit/moro.htm', 'https://www.nps.gov/seki/planyourvisit/skiing.htm', 'https://www.nps.gov/seki/planyourvisit/snowplay.htm']","['basicinfo', 'maps', 'calendar', 'permits', 'conditions', 'safety', 'dayhikes', 'backpacking', 'driveviewsum', 'sequoiagroves', 'picnic', 'rockclimb', 'rangerprogsched', 'horseride', 'visitorcenters', 'accessibility', 'junior-ranger-day', 'crystal-cave', 'moro', 'skiing', 'snowplay']"
Shenandoah,https://www.nps.gov/shen/index.htm,12/26/35,199223.77 acres (806.2 km2),38.53,-78.35,"['https://www.nps.gov/shen/planyourvisit/basicinfo.htm', 'https://www.nps.gov/shen/planyourvisit/maps.htm', 'https://www.nps.gov/shen/planyourvisit/calendar.htm', 'https://www.nps.gov/shen/planyourvisit/permitsandreservations.htm', 'https://www.nps.gov/shen/planyourvisit/conditions.htm', 'https://www.nps.gov/shen/planyourvisit/hiking-safety.htm', 'https://www.nps.gov/shen/planyourvisit/rangerprograms.htm', 'https://www.nps.gov/shen/planyourvisit/fishing.htm', 'https://www.nps.gov/shen/planyourvisit/campbc.htm', 'https://www.nps.gov/shen/planyourvisit/biking.htm', 'https://www.nps.gov/shen/planyourvisit/exhibits.htm', 'https://www.nps.gov/shen/planyourvisit/driving-skyline-drive.htm', 'https://www.nps.gov/shen/planyourvisit/wildlife-viewing.htm', 'https://www.nps.gov/shen/planyourvisit/camping-in-shenandoah.htm']","['basicinfo', 'maps', 'calendar', 'permitsandreservations', 'conditions', 'hiking-safety', 'rangerprograms', 'fishing', 'campbc', 'biking', 'exhibits', 'driving-skyline-drive', 'wildlife-viewing', 'camping-in-shenandoah']"
Theodore Roosevelt,https://www.nps.gov/thro/index.htm,11/10/78,70446.89 acres (285.1 km2),46.97,-103.45,"['https://www.nps.gov/thro/planyourvisit/basicinfo.htm', 'https://www.nps.gov/thro/planyourvisit/maps.htm', 'https://www.nps.gov/thro/planyourvisit/calendar.htm', 'https://www.nps.gov/thro/planyourvisit/permitsandreservations.htm', 'https://www.nps.gov/thro/planyourvisit/conditions.htm', 'https://www.nps.gov/thro/planyourvisit/south-unit.htm', 'https://www.nps.gov/thro/planyourvisit/north-unit.htm', 'https://www.nps.gov/thro/planyourvisit/hiking-and-trail-information.htm', 'https://www.nps.gov/thro/planyourvisit/wildlife-viewing.htm', 'https://www.nps.gov/thro/planyourvisit/outdooractivities.htm', 'https://www.nps.gov/thro/planyourvisit/camping.htm', 'https://www.nps.gov/thro/planyourvisit/justforkids.htm', 'https://www.nps.gov/thro/planyourvisit/rangerprograms.htm', 'https://www.nps.gov/thro/planyourvisit/nearbyattractions.htm']","['basicinfo', 'maps', 'calendar', 'permitsandreservations', 'conditions', 'south-unit', 'north-unit', 'hiking-and-trail-information', 'wildlife-viewing', 'outdooractivities', 'camping', 'justforkids', 'rangerprograms', 'nearbyattractions']"
Virgin Islands,https://www.nps.gov/viis/index.htm,8/2/56,15052.53 acres (60.9 km2),18.33,-64.73,"['https://www.nps.gov/viis/planyourvisit/basicinfo.htm', 'https://www.nps.gov/viis/planyourvisit/maps.htm', 'https://www.nps.gov/viis/planyourvisit/calendar.htm', 'https://www.nps.gov/viis/planyourvisit/permitsandreservations.htm', 'https://www.nps.gov/viis/planyourvisit/conditions.htm', 'https://www.nps.gov/viis/planyourvisit/rangerguidedtours.htm', 'https://www.nps.gov/viis/planyourvisit/virgin-islands-marine-visitor-use-information.htm', 'https://www.nps.gov/viis/planyourvisit/boating-information.htm', 'https://www.nps.gov/viis/planyourvisit/viis-fishing-info.htm', 'https://www.nps.gov/viis/planyourvisit/snorkeling.htm', 'https://www.nps.gov/viis/planyourvisit/hiking-in-paradise.htm']","['basicinfo', 'maps', 'calendar', 'permitsandreservations', 'conditions', 'rangerguidedtours', 'virgin-islands-marine-visitor-use-information', 'boating-information', 'viis-fishing-info', 'snorkeling', 'hiking-in-paradise']"
Voyageurs,https://www.nps.gov/voya/index.htm,1/8/71,218222.35 acres (883.1 km2),48.5,-92.88,"['https://www.nps.gov/voya/planyourvisit/basicinfo.htm', 'https://www.nps.gov/voya/planyourvisit/maps.htm', 'https://www.nps.gov/voya/planyourvisit/calendar.htm', 'https://www.nps.gov/voya/planyourvisit/permitsandreservations.htm', 'https://www.nps.gov/voya/planyourvisit/conditions.htm', 'https://www.nps.gov/voya/planyourvisit/guided-tours.htm', 'https://www.nps.gov/voya/planyourvisit/rainy-lake-area-programs-and-tours.htm', 'https://www.nps.gov/voya/planyourvisit/kabetogama-lake-area-programs-and-tours.htm', 'https://www.nps.gov/voya/planyourvisit/ash-river-area-programs-and-tours.htm', 'https://www.nps.gov/voya/planyourvisit/tour-boat-charters.htm', 'https://www.nps.gov/voya/planyourvisit/camping.htm', 'https://www.nps.gov/voya/planyourvisit/hike-to-health.htm', 'https://www.nps.gov/voya/planyourvisit/hiking-trails.htm', 'https://www.nps.gov/voya/planyourvisit/placestogo.htm', 'https://www.nps.gov/voya/planyourvisit/winter-activities.htm', 'https://www.nps.gov/voya/planyourvisit/winter-ice-and-trail-conditions.htm']","['basicinfo', 'maps', 'calendar', 'permitsandreservations', 'conditions', 'guided-tours', 'rainy-lake-area-programs-and-tours', 'kabetogama-lake-area-programs-and-tours', 'ash-river-area-programs-and-tours', 'tour-boat-charters', 'camping', 'hike-to-health', 'hiking-trails', 'placestogo', 'winter-activities', 'winter-ice-and-trail-conditions']"
White Sands,https://www.nps.gov/whsa/index.htm,12/20/19,146344.31 acres (592.2 km2),32.779167,-106.171944,"['https://www.nps.gov/whsa/planyourvisit/basicinfo.htm', 'https://www.nps.gov/whsa/planyourvisit/maps.htm', 'https://www.nps.gov/whsa/planyourvisit/calendar.htm', 'https://www.nps.gov/whsa/planyourvisit/permitsandreservations.htm', 'https://www.nps.gov/whsa/planyourvisit/conditions.htm', 'https://www.nps.gov/whsa/planyourvisit/visitor-center.htm', 'https://www.nps.gov/whsa/planyourvisit/trails.htm', 'https://www.nps.gov/whsa/planyourvisit/picknicking.htm', 'https://www.nps.gov/whsa/planyourvisit/sledding.htm', 'https://www.nps.gov/whsa/planyourvisit/backpackingpr.htm', 'https://www.nps.gov/whsa/planyourvisit/bicycling.htm', 'https://www.nps.gov/whsa/planyourvisit/seeing-the-park-by-car-revised.htm', 'https://www.nps.gov/whsa/planyourvisit/driving-dunes-drive.htm', 'https://www.nps.gov/whsa/planyourvisit/horses-and-other-pack-animals.htm', 'https://www.nps.gov/whsa/planyourvisit/native-plant-garden-tour.htm', 'https://www.nps.gov/whsa/planyourvisit/photography.htm', 'https://www.nps.gov/whsa/planyourvisit/ranger-programs.htm']","['basicinfo', 'maps', 'calendar', 'permitsandreservations', 'conditions', 'visitor-center', 'trails', 'picknicking', 'sledding', 'backpackingpr', 'bicycling', 'seeing-the-park-by-car-revised', 'driving-dunes-drive', 'horses-and-other-pack-animals', 'native-plant-garden-tour', 'photography', 'ranger-programs']"
Wind Cave,https://www.nps.gov/wica/index.htm,1/9/03,33970.84 acres (137.5 km2),43.57,-103.48,"['https://www.nps.gov/wica/planyourvisit/basicinfo.htm', 'https://www.nps.gov/wica/planyourvisit/maps.htm', 'https://www.nps.gov/wica/planyourvisit/calendar.htm', 'https://www.nps.gov/wica/planyourvisit/permitsandreservations.htm', 'https://www.nps.gov/wica/planyourvisit/conditions.htm', 'https://www.nps.gov/wica/planyourvisit/guidedtours.htm', 'https://www.nps.gov/wica/planyourvisit/hiking.htm', 'https://www.nps.gov/wica/planyourvisit/camping-backcountry.htm', 'https://www.nps.gov/wica/planyourvisit/birding.htm']","['basicinfo', 'maps', 'calendar', 'permitsandreservations', 'conditions', 'guidedtours', 'hiking', 'camping-backcountry', 'birding']"
Wrangell–St. Elias,https://www.nps.gov/wrst/index.htm,12/2/80,8323146.48 acres (33682.6 km2),61,-142,"['https://www.nps.gov/wrst/planyourvisit/basicinfo.htm', 'https://www.nps.gov/wrst/planyourvisit/maps.htm', 'https://www.nps.gov/wrst/planyourvisit/calendar.htm', 'https://www.nps.gov/wrst/planyourvisit/permitsandreservations.htm', 'https://www.nps.gov/wrst/planyourvisit/conditions.htm']","['basicinfo', 'maps', 'calendar', 'permitsandreservations', 'conditions']"
Yellowstone,https://www.nps.gov/yell/index.htm,3/1/1872,2219790.71 acres (8983.2 km2),44.6,-110.5,"['https://www.nps.gov/yell/planyourvisit/basicinfo.htm', 'https://www.nps.gov/yell/planyourvisit/maps.htm', 'https://www.nps.gov/yell/planyourvisit/calendar.htm', 'https://www.nps.gov/yell/planyourvisit/permitsandreservations.htm', 'https://www.nps.gov/yell/planyourvisit/conditions.htm', 'https://www.nps.gov/yell/planyourvisit/thermal-basin-exploring.htm', 'https://www.nps.gov/yell/planyourvisit/hiking.htm', 'https://www.nps.gov/yell/planyourvisit/viewanim.htm', 'https://www.nps.gov/yell/planyourvisit/photography.htm', 'https://www.nps.gov/yell/planyourvisit/bicycling.htm', 'https://www.nps.gov/yell/planyourvisit/horseride.htm', 'https://www.nps.gov/yell/planyourvisit/campgrounds.htm', 'https://www.nps.gov/yell/planyourvisit/backcountryhiking.htm', 'https://www.nps.gov/yell/planyourvisit/picnic.htm', 'https://www.nps.gov/yell/planyourvisit/ranger-programs.htm', 'https://www.nps.gov/yell/planyourvisit/guidedtours.htm', 'https://www.nps.gov/yell/planyourvisit/cleandraindry.htm', 'https://www.nps.gov/yell/planyourvisit/fishing.htm', 'https://www.nps.gov/yell/planyourvisit/boating.htm', 'https://www.nps.gov/yell/planyourvisit/swimming-soaking.htm', 'https://www.nps.gov/yell/planyourvisit/skiing-and-snowshoeing.htm', 'https://www.nps.gov/yell/planyourvisit/snowmobiles-snowcoaches.htm', 'https://www.nps.gov/yell/planyourvisit/winter-backcountry-camping.htm']","['basicinfo', 'maps', 'calendar', 'permitsandreservations', 'conditions', 'thermal-basin-exploring', 'hiking', 'viewanim', 'photography', 'bicycling', 'horseride', 'campgrounds', 'backcountryhiking', 'picnic', 'ranger-programs', 'guidedtours', 'cleandraindry', 'fishing', 'boating', 'swimming-soaking', 'skiing-and-snowshoeing', 'snowmobiles-snowcoaches', 'winter-backcountry-camping']"
Yosemite,https://www.nps.gov/yose/index.htm,10/1/1890,761747.50 acres (3082.7 km2),37.83,-119.5,"['https://www.nps.gov/yose/planyourvisit/basicinfo.htm', 'https://www.nps.gov/yose/planyourvisit/maps.htm', 'https://www.nps.gov/yose/planyourvisit/calendar.htm', 'https://www.nps.gov/yose/planyourvisit/permitsandreservations.htm', 'https://www.nps.gov/yose/planyourvisit/conditions.htm', 'https://www.nps.gov/yose/planyourvisit/campgrounds.htm', 'https://www.nps.gov/yose/planyourvisit/hiking.htm', 'https://www.nps.gov/yose/planyourvisit/yosemitewilderness.htm', 'https://www.nps.gov/yose/planyourvisit/tours.htm', 'https://www.nps.gov/yose/planyourvisit/interp.htm', 'https://www.nps.gov/yose/planyourvisit/guide.htm', 'https://www.nps.gov/yose/planyourvisit/placestogo.htm', 'https://www.nps.gov/yose/planyourvisit/art.htm', 'https://www.nps.gov/yose/planyourvisit/touring.htm', 'https://www.nps.gov/yose/planyourvisit/biking.htm', 'https://www.nps.gov/yose/planyourvisit/birdwatching.htm', 'https://www.nps.gov/yose/planyourvisit/fishing.htm', 'https://www.nps.gov/yose/planyourvisit/stock.htm', 'https://www.nps.gov/yose/planyourvisit/picnic.htm', 'https://www.nps.gov/yose/planyourvisit/climbing.htm', 'https://www.nps.gov/yose/planyourvisit/stargazing.htm', 'https://www.nps.gov/yose/planyourvisit/water.htm', 'https://www.nps.gov/yose/planyourvisit/wintersports.htm']","['basicinfo', 'maps', 'calendar', 'permitsandreservations', 'conditions', 'campgrounds', 'hiking', 'yosemitewilderness', 'tours', 'interp', 'guide', 'placestogo', 'art', 'touring', 'biking', 'birdwatching', 'fishing', 'stock', 'picnic', 'climbing', 'stargazing', 'water', 'wintersports']"
Zion,https://www.nps.gov/zion/index.htm,11/19/19,147242.66 acres (595.9 km2),37.3,-113.05,"['https://www.nps.gov/zion/planyourvisit/basicinfo.htm', 'https://www.nps.gov/zion/planyourvisit/maps.htm', 'https://www.nps.gov/zion/planyourvisit/calendar.htm', 'https://www.nps.gov/zion/planyourvisit/permitsandreservations.htm', 'https://www.nps.gov/zion/planyourvisit/conditions.htm', 'https://www.nps.gov/zion/planyourvisit/backpackinginfo.htm', 'https://www.nps.gov/zion/planyourvisit/bicycling.htm', 'https://www.nps.gov/zion/planyourvisit/campgrounds-in-zion.htm', 'https://www.nps.gov/zion/planyourvisit/canyoneering.htm', 'https://www.nps.gov/zion/planyourvisit/climbing.htm', 'https://www.nps.gov/zion/planyourvisit/hiking-in-zion.htm', 'https://www.nps.gov/zion/planyourvisit/kolob-canyons.htm', 'https://www.nps.gov/zion/planyourvisit/thenarrows.htm', 'https://www.nps.gov/zion/planyourvisit/ranger-led-activities.htm', 'https://www.nps.gov/zion/planyourvisit/rivertrips.htm', 'https://www.nps.gov/zion/planyourvisit/stockuse.htm', 'https://www.nps.gov/zion/planyourvisit/sunset-stargazing.htm', 'https://www.nps.gov/zion/planyourvisit/backcountry-desk-handouts.htm']","['basicinfo', 'maps', 'calendar', 'permitsandreservations', 'conditions', 'backpackinginfo', 'bicycling', 'campgrounds-in-zion', 'canyoneering', 'climbing', 'hiking-in-zion', 'kolob-canyons', 'thenarrows', 'ranger-led-activities', 'rivertrips', 'stockuse', 'sunset-stargazing', 'backcountry-desk-handouts']"
